Parameters,Train_MAE,Test_MAE,Test_RMSE,Rank
"{'max_depth': 5, 'max_features': 'log2', 'min_samples_leaf': 1, 'n_estimators': 100}",1.3363186383357377,3.4377834150349473,3.4377834150349473,1
"{'max_depth': 5, 'max_features': 'log2', 'min_samples_leaf': 1, 'n_estimators': 150}",1.3609253909285846,3.4883292921675277,3.4883292921675277,2
"{'max_depth': 5, 'max_features': 'sqrt', 'min_samples_leaf': 2, 'n_estimators': 100}",1.50925808654477,3.512731394300146,3.512731394300146,3
"{'max_depth': 5, 'max_features': 'log2', 'min_samples_leaf': 2, 'n_estimators': 150}",1.5616509943750438,3.5277925546161657,3.5277925546161657,4
"{'max_depth': 5, 'max_features': 'sqrt', 'min_samples_leaf': 2, 'n_estimators': 150}",1.4952095762694277,3.5299490820907526,3.5299490820907526,5
"{'max_depth': 7, 'max_features': 'sqrt', 'min_samples_leaf': 2, 'n_estimators': 100}",1.4896886630190793,3.5328183201058216,3.5328183201058216,6
"{'max_depth': 7, 'max_features': 'log2', 'min_samples_leaf': 2, 'n_estimators': 150}",1.5377572885888355,3.5339380885575338,3.5339380885575338,7
"{'max_depth': None, 'max_features': 'sqrt', 'min_samples_leaf': 2, 'n_estimators': 100}",1.4895500556872578,3.5347060185185204,3.5347060185185204,8
"{'max_depth': None, 'max_features': 'log2', 'min_samples_leaf': 2, 'n_estimators': 150}",1.5372110628392766,3.5351899404093854,3.5351899404093854,9
"{'max_depth': 7, 'max_features': 'sqrt', 'min_samples_leaf': 2, 'n_estimators': 150}",1.4776197126785628,3.5395292548500925,3.5395292548500925,10
"{'max_depth': None, 'max_features': 'log2', 'min_samples_leaf': 1, 'n_estimators': 100}",1.242180952380948,3.5399444444444437,3.5399444444444437,11
"{'max_depth': None, 'max_features': 'sqrt', 'min_samples_leaf': 2, 'n_estimators': 150}",1.4774906675790414,3.5405855599647307,3.5405855599647307,12
"{'max_depth': None, 'max_features': 'log2', 'min_samples_leaf': 1, 'n_estimators': 150}",1.2583396825396749,3.5406851851851853,3.5406851851851853,13
"{'max_depth': 3, 'max_features': 'log2', 'min_samples_leaf': 2, 'n_estimators': 150}",1.8653122097551988,3.553060769265127,3.553060769265127,14
"{'max_depth': 5, 'max_features': 'log2', 'min_samples_leaf': 2, 'n_estimators': 100}",1.5850969741132659,3.557871796182213,3.557871796182213,15
"{'max_depth': 7, 'max_features': 'log2', 'min_samples_leaf': 1, 'n_estimators': 150}",1.250611066713996,3.559013084497807,3.559013084497807,16
"{'max_depth': 5, 'max_features': 'log2', 'min_samples_leaf': 3, 'n_estimators': 150}",1.8780742009269393,3.562827674074896,3.562827674074896,17
"{'max_depth': 7, 'max_features': 'log2', 'min_samples_leaf': 3, 'n_estimators': 150}",1.8776375464570703,3.5630740224795776,3.5630740224795776,18
"{'max_depth': None, 'max_features': 'log2', 'min_samples_leaf': 3, 'n_estimators': 150}",1.8776375464570703,3.5630740224795776,3.5630740224795776,18
"{'max_depth': 3, 'max_features': 'log2', 'min_samples_leaf': 2, 'n_estimators': 100}",1.8772048198444908,3.5645084904776345,3.5645084904776345,20
"{'max_depth': 5, 'max_features': 'log2', 'min_samples_leaf': 1, 'n_estimators': 50}",1.4348173036015763,3.5673362796154464,3.5673362796154464,21
"{'max_depth': 3, 'max_features': 'log2', 'min_samples_leaf': 2, 'n_estimators': 50}",1.9635025132487998,3.5710322553174496,3.5710322553174496,22
"{'max_depth': 7, 'max_features': 'log2', 'min_samples_leaf': 2, 'n_estimators': 100}",1.5654370618600977,3.572409468694887,3.572409468694887,23
"{'max_depth': None, 'max_features': 'log2', 'min_samples_leaf': 2, 'n_estimators': 100}",1.5648338381261597,3.57426780202822,3.57426780202822,24
"{'max_depth': 5, 'max_features': 'log2', 'min_samples_leaf': 2, 'n_estimators': 50}",1.6625088451114705,3.5831261200219524,3.5831261200219524,25
"{'max_depth': 5, 'max_features': 'log2', 'min_samples_leaf': 3, 'n_estimators': 100}",1.8998755884217182,3.5864446921905238,3.5864446921905238,26
"{'max_depth': 7, 'max_features': 'log2', 'min_samples_leaf': 3, 'n_estimators': 100}",1.8995607773575622,3.5872799385028538,3.5872799385028538,27
"{'max_depth': None, 'max_features': 'log2', 'min_samples_leaf': 3, 'n_estimators': 100}",1.8995607773575622,3.5872799385028538,3.5872799385028538,27
"{'max_depth': 7, 'max_features': 'log2', 'min_samples_leaf': 1, 'n_estimators': 100}",1.2382990385452246,3.593204348968932,3.593204348968932,29
"{'max_depth': 7, 'max_features': 'log2', 'min_samples_leaf': 2, 'n_estimators': 50}",1.6407547077349454,3.602105379188712,3.602105379188712,30
"{'max_depth': None, 'max_features': 'log2', 'min_samples_leaf': 2, 'n_estimators': 50}",1.6393465747039555,3.6052331569664897,3.6052331569664897,31
"{'max_depth': None, 'max_features': 'log2', 'min_samples_leaf': 1, 'n_estimators': 50}",1.3478587301587326,3.612444444444443,3.612444444444443,32
"{'max_depth': 5, 'max_features': 'sqrt', 'min_samples_leaf': 1, 'n_estimators': 100}",1.366451961596925,3.6173280370886354,3.6173280370886354,33
"{'max_depth': 5, 'max_features': 'sqrt', 'min_samples_leaf': 1, 'n_estimators': 150}",1.3429030643179685,3.6173282949061942,3.6173282949061942,34
"{'max_depth': 5, 'max_features': 'log2', 'min_samples_leaf': 3, 'n_estimators': 50}",1.9739150654724458,3.6174044053169063,3.6174044053169063,35
"{'max_depth': 7, 'max_features': 'sqrt', 'min_samples_leaf': 1, 'n_estimators': 150}",1.2611566487451344,3.618467003058671,3.618467003058671,36
"{'max_depth': 3, 'max_features': 'log2', 'min_samples_leaf': 3, 'n_estimators': 150}",1.997559130276858,3.619426920600231,3.619426920600231,37
"{'max_depth': None, 'max_features': 'log2', 'min_samples_leaf': 3, 'n_estimators': 50}",1.9738060377805609,3.6205994029119037,3.6205994029119037,38
"{'max_depth': 7, 'max_features': 'log2', 'min_samples_leaf': 3, 'n_estimators': 50}",1.9738060377805609,3.6205994029119037,3.6205994029119037,38
"{'max_depth': 7, 'max_features': 'sqrt', 'min_samples_leaf': 3, 'n_estimators': 150}",1.833764979451765,3.6214270165020164,3.6214270165020164,40
"{'max_depth': None, 'max_features': 'sqrt', 'min_samples_leaf': 3, 'n_estimators': 150}",1.833764979451765,3.6214270165020164,3.6214270165020164,40
"{'max_depth': 5, 'max_features': 'sqrt', 'min_samples_leaf': 3, 'n_estimators': 150}",1.8342198576320798,3.6230639947501064,3.6230639947501064,42
"{'max_depth': 3, 'max_features': 'log2', 'min_samples_leaf': 1, 'n_estimators': 150}",1.8470787890611529,3.6263589190033563,3.6263589190033563,43
"{'max_depth': 3, 'max_features': 'log2', 'min_samples_leaf': 1, 'n_estimators': 100}",1.8339931564862058,3.633852854830992,3.633852854830992,44
"{'max_depth': 3, 'max_features': 'log2', 'min_samples_leaf': 3, 'n_estimators': 100}",2.03200970402038,3.636123554273789,3.636123554273789,45
"{'max_depth': 7, 'max_features': 'sqrt', 'min_samples_leaf': 3, 'n_estimators': 100}",1.8532935578266523,3.643323556458972,3.643323556458972,46
"{'max_depth': None, 'max_features': 'sqrt', 'min_samples_leaf': 3, 'n_estimators': 100}",1.8532935578266523,3.643323556458972,3.643323556458972,46
"{'max_depth': 5, 'max_features': 'sqrt', 'min_samples_leaf': 3, 'n_estimators': 100}",1.8537066989425912,3.645390134942218,3.645390134942218,48
"{'max_depth': None, 'max_features': 'sqrt', 'min_samples_leaf': 1, 'n_estimators': 150}",1.256514285714279,3.6457037037037026,3.6457037037037026,49
"{'max_depth': 7, 'max_features': 'sqrt', 'min_samples_leaf': 1, 'n_estimators': 100}",1.286300343919745,3.646749799120632,3.646749799120632,50
"{'max_depth': 3, 'max_features': 'sqrt', 'min_samples_leaf': 2, 'n_estimators': 100}",1.808431503845066,3.6469772450709304,3.6469772450709304,51
"{'max_depth': None, 'max_features': 'sqrt', 'min_samples_leaf': 1, 'n_estimators': 100}",1.2842206349206309,3.6505555555555538,3.6505555555555538,52
"{'max_depth': 5, 'max_features': 'sqrt', 'min_samples_leaf': 1, 'n_estimators': 50}",1.4595141363096655,3.651007432323486,3.651007432323486,53
"{'max_depth': 3, 'max_features': 'sqrt', 'min_samples_leaf': 3, 'n_estimators': 150}",1.9440715613492796,3.658232171604164,3.658232171604164,54
"{'max_depth': 5, 'max_features': 'sqrt', 'min_samples_leaf': 2, 'n_estimators': 50}",1.6150631168390683,3.660332044807044,3.660332044807044,55
"{'max_depth': 3, 'max_features': 'sqrt', 'min_samples_leaf': 2, 'n_estimators': 150}",1.7864767195066351,3.662437025174436,3.662437025174436,56
"{'max_depth': None, 'max_features': 'sqrt', 'min_samples_leaf': 2, 'n_estimators': 50}",1.5947974811035512,3.668594995590829,3.668594995590829,57
"{'max_depth': 7, 'max_features': 'sqrt', 'min_samples_leaf': 2, 'n_estimators': 50}",1.5948455536659096,3.668874360670194,3.668874360670194,58
"{'max_depth': 5, 'max_features': None, 'min_samples_leaf': 1, 'n_estimators': 100}",1.3685354432736538,3.678535214399797,3.678535214399797,59
"{'max_depth': 7, 'max_features': None, 'min_samples_leaf': 1, 'n_estimators': 100}",1.3513529188712488,3.681976763668428,3.681976763668428,60
"{'max_depth': 3, 'max_features': 'sqrt', 'min_samples_leaf': 3, 'n_estimators': 100}",1.9649352876698944,3.687057143890848,3.687057143890848,61
"{'max_depth': 3, 'max_features': 'sqrt', 'min_samples_leaf': 1, 'n_estimators': 150}",1.7861803529194364,3.6882559948757483,3.6882559948757483,62
"{'max_depth': 3, 'max_features': 'log2', 'min_samples_leaf': 3, 'n_estimators': 50}",2.1169216000325135,3.6942595666824567,3.6942595666824567,63
"{'max_depth': None, 'max_features': None, 'min_samples_leaf': 1, 'n_estimators': 100}",1.351326190476187,3.69647222222222,3.69647222222222,64
"{'max_depth': 7, 'max_features': None, 'min_samples_leaf': 1, 'n_estimators': 150}",1.3387759595196025,3.701240064667841,3.701240064667841,65
"{'max_depth': 7, 'max_features': 'log2', 'min_samples_leaf': 1, 'n_estimators': 50}",1.346134664387643,3.7050396825396827,3.7050396825396827,66
"{'max_depth': None, 'max_features': None, 'min_samples_leaf': 1, 'n_estimators': 150}",1.3399301587301509,3.711370370370371,3.711370370370371,67
"{'max_depth': 5, 'max_features': None, 'min_samples_leaf': 1, 'n_estimators': 150}",1.35915627558361,3.7136879091587414,3.7136879091587414,68
"{'max_depth': 3, 'max_features': None, 'min_samples_leaf': 1, 'n_estimators': 100}",1.6325732099055845,3.7209564684967376,3.7209564684967376,69
"{'max_depth': 3, 'max_features': 'sqrt', 'min_samples_leaf': 1, 'n_estimators': 100}",1.8179206500579081,3.7280925877381543,3.7280925877381543,70
"{'max_depth': 7, 'max_features': 'sqrt', 'min_samples_leaf': 1, 'n_estimators': 50}",1.3654374441695878,3.7291363627113614,3.7291363627113614,71
"{'max_depth': 3, 'max_features': None, 'min_samples_leaf': 1, 'n_estimators': 150}",1.6209474190562014,3.7427098236034237,3.7427098236034237,72
"{'max_depth': None, 'max_features': 'sqrt', 'min_samples_leaf': 1, 'n_estimators': 50}",1.370695238095239,3.7460555555555533,3.7460555555555533,73
"{'max_depth': 3, 'max_features': 'log2', 'min_samples_leaf': 1, 'n_estimators': 50}",1.9386696722416399,3.7468879343727335,3.7468879343727335,74
"{'max_depth': 7, 'max_features': 'sqrt', 'min_samples_leaf': 3, 'n_estimators': 50}",1.9330870293463143,3.763080202821869,3.763080202821869,75
"{'max_depth': None, 'max_features': 'sqrt', 'min_samples_leaf': 3, 'n_estimators': 50}",1.9330870293463143,3.763080202821869,3.763080202821869,75
"{'max_depth': 3, 'max_features': None, 'min_samples_leaf': 2, 'n_estimators': 100}",1.630392652085119,3.763877858551111,3.763877858551111,77
"{'max_depth': 5, 'max_features': 'sqrt', 'min_samples_leaf': 3, 'n_estimators': 50}",1.9334318492001819,3.765220634920635,3.765220634920635,78
"{'max_depth': 5, 'max_features': None, 'min_samples_leaf': 3, 'n_estimators': 50}",1.6731994434665867,3.7690532253240585,3.7690532253240585,79
"{'max_depth': 3, 'max_features': None, 'min_samples_leaf': 2, 'n_estimators': 150}",1.6233073218544272,3.7692777958962385,3.7692777958962385,80
"{'max_depth': None, 'max_features': None, 'min_samples_leaf': 3, 'n_estimators': 50}",1.6730771683343115,3.7693296142129475,3.7693296142129475,81
"{'max_depth': 7, 'max_features': None, 'min_samples_leaf': 3, 'n_estimators': 50}",1.6730771683343115,3.7693296142129475,3.7693296142129475,81
"{'max_depth': 3, 'max_features': None, 'min_samples_leaf': 1, 'n_estimators': 50}",1.6656116277848458,3.771687564634079,3.771687564634079,83
"{'max_depth': 5, 'max_features': None, 'min_samples_leaf': 1, 'n_estimators': 50}",1.4101844846819855,3.7725931118264446,3.7725931118264446,84
"{'max_depth': 5, 'max_features': None, 'min_samples_leaf': 3, 'n_estimators': 100}",1.6545695692380806,3.772671750317583,3.772671750317583,85
"{'max_depth': 5, 'max_features': None, 'min_samples_leaf': 3, 'n_estimators': 150}",1.6443265618244183,3.7727920868226423,3.7727920868226423,86
"{'max_depth': None, 'max_features': None, 'min_samples_leaf': 3, 'n_estimators': 100}",1.6543784809480637,3.7729830929101755,3.7729830929101755,87
"{'max_depth': 7, 'max_features': None, 'min_samples_leaf': 3, 'n_estimators': 100}",1.6543784809480637,3.7729830929101755,3.7729830929101755,87
"{'max_depth': 7, 'max_features': None, 'min_samples_leaf': 3, 'n_estimators': 150}",1.6441883356678586,3.774562479238867,3.774562479238867,89
"{'max_depth': None, 'max_features': None, 'min_samples_leaf': 3, 'n_estimators': 150}",1.6441883356678586,3.774562479238867,3.774562479238867,89
"{'max_depth': 3, 'max_features': None, 'min_samples_leaf': 3, 'n_estimators': 100}",1.7075290533167895,3.7786914130296685,3.7786914130296685,91
"{'max_depth': 3, 'max_features': None, 'min_samples_leaf': 3, 'n_estimators': 150}",1.6974426233467317,3.7801066207794745,3.7801066207794745,92
"{'max_depth': None, 'max_features': None, 'min_samples_leaf': 2, 'n_estimators': 100}",1.4532596252777208,3.781267218815135,3.781267218815135,93
"{'max_depth': 7, 'max_features': None, 'min_samples_leaf': 2, 'n_estimators': 100}",1.4532611596692553,3.781267218815135,3.781267218815135,93
"{'max_depth': 3, 'max_features': None, 'min_samples_leaf': 3, 'n_estimators': 50}",1.7388840233758207,3.7815369932491243,3.7815369932491243,95
"{'max_depth': 5, 'max_features': None, 'min_samples_leaf': 2, 'n_estimators': 100}",1.4572351657579636,3.7877486050986047,3.7877486050986047,96
"{'max_depth': None, 'max_features': None, 'min_samples_leaf': 1, 'n_estimators': 50}",1.3953380952380967,3.7885555555555532,3.7885555555555532,97
"{'max_depth': 7, 'max_features': None, 'min_samples_leaf': 2, 'n_estimators': 150}",1.4428935392473496,3.79630894393672,3.79630894393672,98
"{'max_depth': None, 'max_features': None, 'min_samples_leaf': 2, 'n_estimators': 150}",1.4428767340067348,3.79630894393672,3.79630894393672,98
"{'max_depth': 5, 'max_features': None, 'min_samples_leaf': 2, 'n_estimators': 150}",1.4464810971700264,3.7976425004008325,3.7976425004008325,100
"{'max_depth': 7, 'max_features': None, 'min_samples_leaf': 1, 'n_estimators': 50}",1.3951722663139343,3.802659876543208,3.802659876543208,101
"{'max_depth': 3, 'max_features': 'sqrt', 'min_samples_leaf': 3, 'n_estimators': 50}",2.0464142514732484,3.8052238504744316,3.8052238504744316,102
"{'max_depth': 3, 'max_features': 'sqrt', 'min_samples_leaf': 1, 'n_estimators': 50}",1.8555697605448747,3.821680119388699,3.821680119388699,103
"{'max_depth': 7, 'max_features': None, 'min_samples_leaf': 2, 'n_estimators': 50}",1.5107803949357512,3.847006878306879,3.847006878306879,104
"{'max_depth': None, 'max_features': None, 'min_samples_leaf': 2, 'n_estimators': 50}",1.5107803949357512,3.847006878306879,3.847006878306879,104
"{'max_depth': 3, 'max_features': 'sqrt', 'min_samples_leaf': 2, 'n_estimators': 50}",1.9100929333619057,3.8509216972644182,3.8509216972644182,106
"{'max_depth': 3, 'max_features': None, 'min_samples_leaf': 2, 'n_estimators': 50}",1.684319041921461,3.8512032136348235,3.8512032136348235,107
"{'max_depth': 5, 'max_features': None, 'min_samples_leaf': 2, 'n_estimators': 50}",1.512852147530599,3.8534935846560847,3.8534935846560847,108
